# Force HTTPS and non-www
http://maiyahospital.in/*	https://maiyahospital.in/:splat	301!
http://www.maiyahospital.in/*	https://maiyahospital.in/:splat	301!
https://www.maiyahospital.in/*	https://maiyahospital.in/:splat	301!

# Serve static SEO files explicitly
/sitemap.xml	/sitemap.xml	200!
/robots.txt	/robots.txt	200!

# Ensure static assets are never rewritten
/assets/*	/assets/:splat	200!
/lovable-uploads/*	/lovable-uploads/:splat	200!
/*.css	/:splat	200!
/*.js	/:splat	200!
/*.png	/:splat	200!
/*.jpg	/:splat	200!
/*.jpeg	/:splat	200!
/*.svg	/:splat	200!
/*.ico	/:splat	200!

# Legacy numeric IDs → canonical slugs
/doctor/1	/doctor/dr-b-g-mahesh	301
/doctor/2	/doctor/dr-chandrashekar-h-s	301
/doctor/3	/doctor/dr-akshay-dhanda	301
/doctor/4	/doctor/dr-krishnappa-r	301
/doctor/5	/doctor/dr-g-l-maiya	301
/doctor/6	/doctor/dr-hrishikesh-vemula	301
/doctor/7	/doctor/dr-abhey-vasudev	301
/doctor/8	/doctor/dr-sujay-rao	301
/doctor/9	/doctor/dr-ishwarya-bhandari	301
/doctor/10	/doctor/dr-n-t-babu	301
/doctor/11	/doctor/dr-chinmay-nagesh	301
/doctor/12	/doctor/dr-murali-p	301
/doctor/13	/doctor/dr-lakshmi-v-pandit	301
/doctor/14	/doctor/dr-ananth-krishna	301
/doctor/15	/doctor/dr-geetha-b-v	301

# Legacy numeric surgeries → canonical slugs
/deluxe-surgeries/1	/deluxe-surgeries/laparoscopic-hernia-repair	301
/deluxe-surgeries/2	/deluxe-surgeries/laparoscopic-gall-bladder-removal	301
/deluxe-surgeries/3	/deluxe-surgeries/laparoscopic-hysterectomy	301
/deluxe-surgeries/4	/deluxe-surgeries/arthroscopy	301
/deluxe-surgeries/5	/deluxe-surgeries/total-knee-replacement	301
/deluxe-surgeries/6	/deluxe-surgeries/total-hip-replacement	301
/deluxe-surgeries/7	/deluxe-surgeries/kidney-stone-removal	301
/deluxe-surgeries/8	/deluxe-surgeries/dj-stenting	301
/deluxe-surgeries/9	/deluxe-surgeries/turp	301
/deluxe-surgeries/10	/deluxe-surgeries/modified-radical-mastectomy	301

# Legacy specialty numeric IDs → slugs
# Legacy specialty numeric IDs → slugs
/specialty/1	/specialty/general-surgery	301
/specialty/2	/specialty/general-medicine	301
/specialty/3	/specialty/obstetrics-and-gynaecology	301
/specialty/4	/specialty/orthopaedics	301
/specialty/5	/specialty/urology	301
/specialty/6	/specialty/cardiology	301
/specialty/7	/specialty/e.n.t	301
/specialty/8	/specialty/plastic-surgery	301
/specialty/9	/specialty/radiology	301
/specialty/10	/specialty/pulmonology	301
/specialty/11	/specialty/ophthalmology	301
/specialty/12	/specialty/neurology	301
/specialty/13	/specialty/cardiology-2	301
/specialty/14	/specialty/dermatology	301
/specialty/15	/specialty/dentistry	301
/specialty/16	/specialty/paediatrics	301
/specialty/17	/specialty/physiotherapy	301
/specialty/18	/specialty/psychiatry	301
/specialty/19	/specialty/anaesthesia	301
/specialty/20	/specialty/surgical-gastroenterology	301
/specialty/21	/specialty/medical-oncology	301
/specialty/22	/specialty/vascular-surgery	301
/specialty/23	/specialty/surgical-oncology	301

/*	/index.html	200